modelo,n,alpha,beta_score,p_score,beta_desvio,p_desvio,r2,r2_adj,aic
tom,47,-0.254082,0.3933,6e-06,,,0.366207,0.352122,62.641627
desvio_meta,47,0.132656,,,0.144135,0.184602,0.024325,0.002643,82.917769
tom + desvio_meta,47,-0.157045,0.507019,0.0,-0.276895,0.030306,0.425362,0.399242,60.036422
