modelo,n,alpha,beta,se_beta,t,p,ci95_lo,ci95_hi,r2,r2_adj,aic
lexico,47,0.142581,0.204975,0.041288,4.96449,1e-06,0.124052,0.285899,0.405411,0.392198,59.640559
gemini,47,-0.308759,0.449776,0.105367,4.268676,2e-05,0.243261,0.656291,0.341862,0.327236,64.413177
