modelo,n,alpha,beta_score,p_score,beta_desvio,p_desvio,r2,r2_adj,aic
tom,47,-0.308759,0.449776,2e-05,,,0.341862,0.327236,64.413177
desvio_meta,47,0.132656,,,0.144135,0.184602,0.024325,0.002643,82.917769
tom + desvio_meta,47,-0.237431,0.581363,0.0,-0.267939,0.051022,0.396659,0.369234,62.327341
